ScientistName#preparation#date#components,login,password
Ланчеков Алексей Тимофеевич#Зылорик#1489-05-21#Chemical_63 Chemical_71 Chemical_40,Ланчеков_АТ,е7ц4ЩюаД
Ампипогов Михаил Юрьевич#Иммунивит#1664-02-17#Chemical_100 Chemical_6 Chemical_44,Ампипогов_МЮ,КЦ3ТъадБ
Тюлюлюева Анна Яковлевна#Нитросорбид#1827-09-25#Chemical_18 Chemical_69 Chemical_93,Тюлюлюева_АЯ,св3дПЁУь
Неветруева Елена Эдуардовна#Гидрохлоротиазид#0902-11-21#Chemical_15 Chemical_82 Chemical_21,Неветруева_ЕЭ,ьыювХге0
Курочкин Руслан Аркадиевич#Золедроновая кислота#1389-01-05#Chemical_44 Chemical_62 Chemical_73,Курочкин_РА,мЬ4ДШПбэ
Рутковский Антон Кириллович#Бактрим#1327-01-22#Chemical_19 Chemical_27 Chemical_68,Рутковский_АК,ьцзЩнИф0
Шабунов Юрий Алексиевич#Парацетамол#0970-10-22#Chemical_41 Chemical_31 Chemical_39,Шабунов_ЮА,жВ1хБоМи
Кожетев Максим Аркадиевич#Алпразолам#1743-04-03#Chemical_26 Chemical_76 Chemical_16,Кожетев_МА,АОюю4иу1
Хусаинов Антон Алексеевич#Росувастатин#0949-06-08#Chemical_89 Chemical_77 Chemical_35,Хусаинов_АА,хёяЪЦ0ЩЛ
Вендеров Никита Тимофеевич#Витамин С#1119-02-24#Chemical_43 Chemical_97 Chemical_3,Вендеров_НТ,86шэКкЭЁ
Дергунская Яна Эдуардовна#Колчицин#1909-04-19#Chemical_70 Chemical_7 Chemical_23,Дергунская_ЯЭ,ТохМТщ3Ъ
Заботнов Анатолий Максимович#Тианептин#1454-04-22#Chemical_75 Chemical_98 Chemical_63,Заботнов_АМ,ХА1ЦМЪлю
Рубинов Руслан Иванович#Рамиприл#1276-02-24#Chemical_38 Chemical_46 Chemical_16,Рубинов_РИ,шБЮЮ7аоа
Крючатов Ярослав Антонович#Миртазапин#1734-03-17#Chemical_51 Chemical_64 Chemical_70,Крючатов_ЯА,ВЧ2БцдЬг
Жебракова Полина Игоревна#Бисопролол#1886-02-19#Chemical_87 Chemical_27 Chemical_19,Жебракова_ПИ,ЪЯ98Еф88
Данивецкая Виолетта Эдуардовна#Золедроновая кислота#1451-11-13#Chemical_37 Chemical_65 Chemical_92,Данивецкая_ВЭ,ътЪ4а10ж
Мятлев Георгий Денисович#Азитромицин#1987-08-26#Chemical_16 Chemical_14 Chemical_48,Мятлев_ГД,Щеэ9МФээ
Нетунаев Руслан Петрович#Клопидогрел#1969-06-01#Chemical_99 Chemical_87 Chemical_25,Нетунаев_РП,5рйМЖЛяМ
Аранышев Иван Юрьевич#Тианептин#1035-08-27#Chemical_56 Chemical_60 Chemical_53,Аранышев_ИЮ,4А78СЗКж
Курмелев Леонид Николаевич#Спазмалгон#1543-08-10#Chemical_44 Chemical_43 Chemical_15,Курмелев_ЛН,иНьф3Ииь
Арончикова Вероника Викторовна#Живина#2000-01-25#Chemical_22 Chemical_91 Chemical_60,Арончикова_ВВ,Клгхч5ю6
Гизулина Галина Ивановна#Омепразол#1875-10-22#Chemical_9 Chemical_3 Chemical_59,Гизулина_ГИ,нЙРЁЮЙ4ъ
Мразевский Артём Викторович#Диклофенак#1450-12-12#Chemical_98 Chemical_9 Chemical_50,Мразевский_АВ,жЮ9иаЭАа
Окладнова Алена Максимовна#Агонал#1765-03-28#Chemical_26 Chemical_32 Chemical_27,Окладнова_АМ,ФйдыЭэ6ф
Курыпина Анастасия Валерьевна#Золекс#1663-06-14#Chemical_1 Chemical_94 Chemical_63,Курыпина_АВ,5йПгЗ934
Алтамонов Борис Аркадиевич#Оланзапин#1215-11-17#Chemical_57 Chemical_81 Chemical_21,Алтамонов_БА,42С6ТчПУ
Бардаева Анна Михайловна#Пароксетин#1368-03-04#Chemical_20 Chemical_65 Chemical_42,Бардаева_АМ,1фг4СеёХ
Родных Игорь Михаилович#Валидол#1123-03-07#Chemical_77 Chemical_45 Chemical_100,Родных_ИМ,ъЭфы5ыяМ
Маговский Константин Юриевич#Ацетилсалициловая кислота#1315-08-02#Chemical_73 Chemical_92 Chemical_9,Маговский_КЮ,ЛСЫщ03А2
Гергиев Олег Кириллович#Омепразол#1333-04-12#Chemical_6 Chemical_93 Chemical_45,Гергиев_ОК,тбЦысдС3
Русалина Дарья Алексеевна#Ибупрофен#1390-11-03#Chemical_26 Chemical_30 Chemical_82,Русалина_ДА,юЦОСх8мК
Бухтулова Виктория Алексеевна#Бромгексин#1408-11-08#Chemical_72 Chemical_8 Chemical_45,Бухтулова_ВА,ъьч9ЁЪы7
Сабаткоев Федор Викторович#Нимесулид#1531-01-04#Chemical_55 Chemical_67 Chemical_74,Сабаткоев_ФВ,ё5аУТЭЭЫ
Шмитов Никита Игоревич#Левофлоксацин#1817-07-04#Chemical_41 Chemical_81 Chemical_61,Шмитов_НИ,5кЪРСлРЪ
Стенцова Лиза Петровна#Диклофенак#1261-11-17#Chemical_65 Chemical_13 Chemical_29,Стенцова_ЛП,23ёЪЗШМА
Ярычевский Максим Евгеньевич#Глюкозамин#1106-01-17#Chemical_34 Chemical_86 Chemical_88,Ярычевский_МЕ,г3ЁиЖЗЯа
Шкваркин Федор Юрьевич#Тианептин#0929-07-27#Chemical_67 Chemical_56 Chemical_43,Шкваркин_ФЮ,0гяФВлаю
Магусумова Ирина Олеговна#Дикарбазин#0991-07-16#Chemical_51 Chemical_15 Chemical_2,Магусумова_ИО,нРзаГЗф5
Шаморкина Галина Федоровна#Кладрибин#1633-08-02#Chemical_61 Chemical_62 Chemical_48,Шаморкина_ГФ,шщ70э1ЁЁ
Цицеров Альберт Антонович#Небиволол#1820-01-05#Chemical_6 Chemical_48 Chemical_7,Цицеров_АА,2въ6рДё8
Улерьянова Ксения Евгеньевна#Диклофенак#1523-11-17#Chemical_1 Chemical_14 Chemical_96,Улерьянова_КЕ,ь1ЭРЖфЩв
Ханмурзина Карина Игоревна#Енап#1309-08-18#Chemical_21 Chemical_1 Chemical_34,Ханмурзина_КИ,оЖ3юкЩцШ
Гарская Евгения Никитична#Пилипен#1983-11-20#Chemical_2 Chemical_15 Chemical_11,Гарская_ЕН,1СюПХдуч
Гнетнев Григорий Денисович#Евалар солгар мультивитамини#1074-07-16#Chemical_12 Chemical_69 Chemical_99,Гнетнев_ГД,ьёчбхЩ38
Бельцов Алексей Яковлевич#Ретардин#2011-04-09#Chemical_2 Chemical_23 Chemical_92,Бельцов_АЯ,ыеэ3дЫнЦ
Федурин Владимир Алексеевич#Амитриптилин#0982-10-20#Chemical_5 Chemical_75 Chemical_78,Федурин_ВА,УьЫ6ШХхВ
Акацков Анатолий Кириллович#Бетаин#1567-02-19#Chemical_73 Chemical_17 Chemical_48,Акацков_АК,Ы8ЬУмЯшУ
Кумакова Жанна Борисовна#Лоразепам#1605-07-21#Chemical_70 Chemical_36 Chemical_6,Кумакова_ЖБ,3чТпГЖюЭ
Кобызева Ольга Андреевна#Лантус#1198-01-23#Chemical_25 Chemical_64 Chemical_89,Кобызева_ОА,5а7иМ5ьЪ
Кимятов Владимир Евгеньевич#Дектанол#1854-12-15#Chemical_43 Chemical_98 Chemical_34,Кимятов_ВЕ,г5ОхХФДА
Милавина Виолетта Аркадьевна#Росувастатин#1215-12-04#Chemical_40 Chemical_57 Chemical_47,Милавина_ВА,хС34иЩ7я
Манетов Павел Павлович#Бисакодил#0969-07-05#Chemical_11 Chemical_13 Chemical_51,Манетов_ПП,Н9пХщйХС
Сайдакова Людмила Вадимовна#Мелоксикам#1620-02-12#Chemical_3 Chemical_23 Chemical_56,Сайдакова_ЛВ,ШЯЦВй3СЛ
Туржанский Семён Антонович#Уоллтапс#1042-06-13#Chemical_18 Chemical_78 Chemical_92,Туржанский_СА,ТГёЪс80Х
Цыпушкина Елена Андреевна#Енап#1837-04-20#Chemical_77 Chemical_69 Chemical_1,Цыпушкина_ЕА,ЙПпН3нфД
Лунарева Ксения Алексеевна#Ранитидин#1382-08-04#Chemical_10 Chemical_97 Chemical_88,Лунарева_КА,ыЪ5СФчщн
Ивлюшин Георгий Николаевич#Амоксициллин#1202-01-01#Chemical_85 Chemical_54 Chemical_72,Ивлюшин_ГН,Т7РЧЗс66
Гудашов Юрий Алексиевич#Ибупрофен#1736-03-19#Chemical_7 Chemical_9 Chemical_40,Гудашов_ЮА,ъжБрй6Т8
Чачкин Владислав Денисович#Небиволол#1474-01-02#Chemical_85 Chemical_98 Chemical_94,Чачкин_ВД,мЭИ3ЪЫЬК
Тайдаков Виталий Романович#Габапентин#1154-10-13#Chemical_10 Chemical_61 Chemical_4,Тайдаков_ВР,чжМАпР6Ё
Бояршинов Алексей Адамович#Ингавирин#1907-06-08#Chemical_32 Chemical_35 Chemical_22,Бояршинов_АА,ы10ГДзса
Докшукина Оксана Петровна#Пилипен#1491-03-01#Chemical_93 Chemical_32 Chemical_8,Докшукина_ОП,тВПо6йтз
Бганцева Клавдия Егоровна#Левофлоксацин#1306-02-15#Chemical_18 Chemical_16 Chemical_12,Бганцева_КЕ,ъцАО9Ке1
Чубокова Виолетта Валерьевна#Бактрим#1103-03-12#Chemical_6 Chemical_72 Chemical_15,Чубокова_ВВ,Д1о0ВЗул
Голощапов Станислав Яковлевич#Азитромицин#1419-08-05#Chemical_17 Chemical_73 Chemical_39,Голощапов_СЯ,взЮл5м4Т
Лукьянцев Эдуард Евгеньевич#Оксикодон#1320-05-12#Chemical_40 Chemical_66 Chemical_81,Лукьянцев_ЭЕ,6Рэкгщ9У
Мазаркина Инна Сергеевна#Урсофальк#1174-11-25#Chemical_96 Chemical_27 Chemical_81,Мазаркина_ИС,0ЁйПаЫёЬ
Иманалин Борис Кириллович#Сульфасалазин#1684-08-28#Chemical_53 Chemical_71 Chemical_80,Иманалин_БК,Н2ч7лъю4
Поканкина Марина Михайловна#Глюкозамин#1008-12-26#Chemical_2 Chemical_85 Chemical_55,Поканкина_ММ,ЖЯ8йЫХре
Такинова Жанна Эдуардовна#Тикалиптин#1257-06-04#Chemical_2 Chemical_60 Chemical_35,Такинова_ЖЭ,еи0ЭтЛмз
Клецкина Виктория Яковлевна#Ёжик#1800-08-04#Chemical_32 Chemical_18 Chemical_21,Клецкина_ВЯ,ПхрЭ5АёП
Космынин Константин Павлович#Мидокалм#1380-09-07#Chemical_63 Chemical_19 Chemical_25,Космынин_КП,Н2з51бВЬ
Курцапов Виктор Иванович#Витамин С#1104-12-05#Chemical_11 Chemical_22 Chemical_63,Курцапов_ВИ,Ъ5чФС0МЛ
Шарафанова Виктория Егоровна#Протоник#1004-04-20#Chemical_9 Chemical_97 Chemical_88,Шарафанова_ВЕ,ЬЁ5Р6пму
Лушаков Руслан Василиевич#Омепразол#1128-03-25#Chemical_12 Chemical_17 Chemical_62,Лушаков_РВ,гёИ6ЦЁЩ9
Балченкова Оксана Вадимовна#Ранитидин#1438-04-13#Chemical_9 Chemical_16 Chemical_4,Балченкова_ОВ,л16э3нЯю
Комаровцев Михаил Максимович#Оксикодон#1424-12-02#Chemical_6 Chemical_45 Chemical_21,Комаровцев_ММ,ОЫч5БХп2
Машурцева Алена Кирилловна#Левотироксин#1548-02-02#Chemical_42 Chemical_6 Chemical_92,Машурцева_АК,ДнпДб6еФ
Алшибекова Вероника Леонидовна#Преднизолон#1231-04-18#Chemical_64 Chemical_29 Chemical_68,Алшибекова_ВЛ,4еЖЦ9фЦЁ
Карликов Федор Викторович#Ацетилсалициловая кислота#1340-05-22#Chemical_56 Chemical_36 Chemical_38,Карликов_ФВ,УЛП1ЁШёп
Махначев Павел Максимович#Урсофальк#0903-09-18#Chemical_33 Chemical_5 Chemical_47,Махначев_ПМ,ЧСЫщ4К6Х
Мухоткин Валентин Кириллович#Пилипен#1051-12-04#Chemical_41 Chemical_17 Chemical_15,Мухоткин_ВК,яуЛёФЮл1
Ведмедова Раиса Дмитриевна#Бетаин#1312-08-23#Chemical_78 Chemical_84 Chemical_23,Ведмедова_РД,ККЙвБби7
Отовина Любовь Игоревна#Индометацин#1600-11-20#Chemical_44 Chemical_90 Chemical_85,Отовина_ЛИ,Р2ёпЕнЛш
Алавердиев Степан Олегович#Росувастатин#1710-06-20#Chemical_8 Chemical_73 Chemical_53,Алавердиев_СО,зцБАЬ1шн
Хотькова Виктория Игоревна#Сертралин#1015-01-18#Chemical_77 Chemical_22 Chemical_2,Хотькова_ВИ,ГАьАТ9цР
Болхова Яна Никитична#Валидол#1988-08-09#Chemical_27 Chemical_66 Chemical_94,Болхова_ЯН,аяФ8енЙЧ
Савыкин Геннадий Георгиевич#Тианептин#1002-05-22#Chemical_46 Chemical_14 Chemical_72,Савыкин_ГГ,с1ВщКДОо
Бобова Марина Вадимовна#Виагра#1968-03-15#Chemical_33 Chemical_16 Chemical_31,Бобова_МВ,ЛьлВЛ7Йи
Будрецова Клавдия Вадимовна#Сертралин#1664-01-24#Chemical_61 Chemical_38 Chemical_92,Будрецова_КВ,Пвъх0Юшъ
Мятов Алексей Юриевич#Рамиприл#1425-08-18#Chemical_72 Chemical_56 Chemical_10,Мятов_АЮ,ЮФЖж8К7Л
Кувецкая Валерия Леонидовна#Гидрохлоротиазид#1422-08-22#Chemical_17 Chemical_69 Chemical_59,Кувецкая_ВЛ,Б5ьцюФ1Ш
Буралкина Екатерина Аркадьевна#Омега-3 кислоты#1873-05-13#Chemical_72 Chemical_28 Chemical_90,Буралкина_ЕА,ЕСДфЗ8ЁО
Хихеткин Артур Евгеньевич#Азитромицин#1705-12-14#Chemical_39 Chemical_80 Chemical_63,Хихеткин_АЕ,аАиЙХЩж2
Майоркин Николай Фёдорович#Бисакодил#1587-07-04#Chemical_8 Chemical_2 Chemical_54,Майоркин_НФ,Ёр40ОъМЗ
Кудисов Леонид Фёдорович#Триптаны#1862-02-05#Chemical_14 Chemical_99 Chemical_4,Кудисов_ЛФ,хОаш3ЦЮд
Калмыков Эдуард Георгиевич#Лоразепам#1256-01-24#Chemical_59 Chemical_99 Chemical_20,Калмыков_ЭГ,Яш3Ввниф
Бетова Наталья Василевна#Дектанол#1422-04-20#Chemical_38 Chemical_61 Chemical_89,Бетова_НВ,ух9яяВОЛ
Искуснова Алла Максимовна#Золедроновая кислота#1269-06-24#Chemical_80 Chemical_10 Chemical_51,Искуснова_АМ,0Р5нэФгё
Ващугина Надежда Петровна#Метформин#1166-02-10#Chemical_11 Chemical_45 Chemical_38,Ващугина_НП,Т93ЭзошЙ
Каинкова Виктория Валерьевна#Амлодипин#1718-05-07#Chemical_3 Chemical_98 Chemical_89,Каинкова_ВВ,л0юлыКв6
Заиров Кирилл Максимович#Пропанолол#1288-01-06#Chemical_27 Chemical_70 Chemical_95,Заиров_КМ,ифНр96Ом
Хайзникова Дарья Сергеевна#Пилипен#1987-10-10#Chemical_97 Chemical_82 Chemical_99,Хайзникова_ДС,2О6Ю3ПЕу
Литвинцов Степан Яковлевич#Ниссан#1343-04-25#Chemical_57 Chemical_33 Chemical_36,Литвинцов_СЯ,яБ1ФаОбЛ
Кушаев Геннадий Игоревич#Диклофенак#1001-05-07#Chemical_16 Chemical_48 Chemical_94,Кушаев_ГИ,7ГъклАЧЮ
Шинякова Светлана Егоровна#Зинорам#1157-11-16#Chemical_26 Chemical_5 Chemical_8,Шинякова_СЕ,6ЕьМэчЕЖ
Федулин Альберт Иванович#Амоксиклав#1063-06-15#Chemical_78 Chemical_30 Chemical_55,Федулин_АИ,ЧЫцЦЬеы4
Одноценова Мария Василевна#Бактрим#1426-04-13#Chemical_14 Chemical_19 Chemical_45,Одноценова_МВ,2гфсймЯ2
Любарцев Борис Викторович#Амитриптилин#1655-01-24#Chemical_81 Chemical_12 Chemical_93,Любарцев_БВ,уЕщв8х2С
Османова Екатерина Егоровна#Миртазапин#1509-03-03#Chemical_96 Chemical_72 Chemical_69,Османова_ЕЕ,Й0ПШоиоя
Потрягина Кристина Романовна#Пропанолол#1060-03-02#Chemical_58 Chemical_14 Chemical_83,Потрягина_КР,ЯдОо5ДТЮ
Балуев Семён Антонович#Норматен#1662-11-07#Chemical_95 Chemical_58 Chemical_71,Балуев_СА,НЩ1зкеШЭ
Екимовский Владислав Фёдорович#Венолайфт#0926-06-22#Chemical_59 Chemical_56 Chemical_77,Екимовский_ВФ,П3еЦйеВз
Шпанина Маргарита Максимовна#Пентоксифиллин#1432-09-20#Chemical_12 Chemical_22 Chemical_37,Шпанина_ММ,Уо2цКспП
Пошнагова Юлия Кирилловна#Железа препараты#1815-11-04#Chemical_61 Chemical_38 Chemical_2,Пошнагова_ЮК,У3ЧГа4Й8
Кудинкова Ирина Михайловна#Кандесартан#1580-12-23#Chemical_90 Chemical_100 Chemical_60,Кудинкова_ИМ,2ШЩХцУсе
Водоморина Софья Яковлевна#Метопролол#1599-06-03#Chemical_33 Chemical_79 Chemical_68,Водоморина_СЯ,пыЮщМЭс1
Липезина Анна Алексеевна#Тианептин#1244-04-02#Chemical_17 Chemical_84 Chemical_70,Липезина_АА,иЬЫ1рЖыЦ
Илалов Тарас Яковлевич#Допамин#1025-05-04#Chemical_51 Chemical_21 Chemical_67,Илалов_ТЯ,7ёаЕХБЫг
Лакушова Тамара Ивановна#Бетаин#1016-09-01#Chemical_91 Chemical_90 Chemical_42,Лакушова_ТИ,АрЖдЗ5аВ
Ярмизина Алиса Богдановна#Живина#1120-09-19#Chemical_11 Chemical_15 Chemical_69,Ярмизина_АБ,СчАЗЖ64Ч
Зулков Станислав Антонович#Валацикловир#1630-11-10#Chemical_7 Chemical_61 Chemical_87,Зулков_СА,Я0чтабС0
Кочурин Евгений Данилович#Транексамовая кислота#1574-01-11#Chemical_97 Chemical_25 Chemical_5,Кочурин_ЕД,8ЁийНъРы
Череватова Вероника Вадимовна#Кандесартан#0998-12-19#Chemical_39 Chemical_85 Chemical_90,Череватова_ВВ,5э0ВмыФЪ
Курьянская Любовь Федоровна#Железа препараты#1432-03-23#Chemical_31 Chemical_72 Chemical_15,Курьянская_ЛФ,ьЯънЛШэ5
Бачалдина Яна Максимовна#Урсофальк#1492-06-18#Chemical_16 Chemical_96 Chemical_33,Бачалдина_ЯМ,6гЙёвЖП7
Наруцкая Катерина Андреевна#Венолайфт#0951-01-04#Chemical_84 Chemical_47 Chemical_3,Наруцкая_КА,ж1М451ё9
Набилкова Софья Борисовна#Дексаметазон#1625-08-25#Chemical_6 Chemical_96 Chemical_4,Набилкова_СБ,л4Ёэьэ82
Меркулов Андрей Аркадиевич#Мелоксикам#1905-09-07#Chemical_46 Chemical_74 Chemical_56,Меркулов_АА,пуфц7Ндс
Скитский Вадим Викторович#Лоразепам#1725-10-11#Chemical_14 Chemical_81 Chemical_84,Скитский_ВВ,8ЯШИХт49
Шаульская Надежда Максимовна#Дектанол#1077-04-05#Chemical_27 Chemical_31 Chemical_39,Шаульская_НМ,ЁСо5РфЮХ
Распевин Константин Валериевич#Гидрохлоротиазид#1634-09-05#Chemical_31 Chemical_94 Chemical_68,Распевин_КВ,ввЩп0сБД
Агешкин Александр Романович#Бетаметазон#1403-04-27#Chemical_97 Chemical_18 Chemical_58,Агешкин_АР,пИ4вС5тН
Хайдина Маргарита Алексеевна#Бромгексин#1448-08-07#Chemical_71 Chemical_18 Chemical_99,Хайдина_МА,ОУвГ4рЬБ
Духиева Алла Никитична#Гидрохлоротиазид#1163-04-13#Chemical_64 Chemical_11 Chemical_44,Духиева_АН,беЦ20в3Я
Щуринова Ольга Вадимовна#Валацикловир#1171-09-14#Chemical_1 Chemical_26 Chemical_84,Щуринова_ОВ,ЛшЯи2мБЬ
Кеплина Наталия Борисовна#Витамин С#1811-03-23#Chemical_49 Chemical_75 Chemical_27,Кеплина_НБ,ЪМЛяШ6лЯ
Шелмаков Георгий Николаевич#Золаир#1188-05-12#Chemical_93 Chemical_31 Chemical_58,Шелмаков_ГН,65ГЧемЁЭ
Лошадина Екатерина Евгеньевна#Жасмин#1783-12-14#Chemical_11 Chemical_44 Chemical_39,Лошадина_ЕЕ,Збэ5уЭТЭ
Ароматова Анастасия Максимовна#Железа препараты#1239-07-25#Chemical_47 Chemical_7 Chemical_75,Ароматова_АМ,6ТДбасШ4
Голыбина Оксана Михайловна#Евалар солгар мультивитамини#2022-02-08#Chemical_100 Chemical_14 Chemical_94,Голыбина_ОМ,ыобЛхЭ04
Кувыршина Валерия Игоревна#Золекс#1630-01-01#Chemical_64 Chemical_71 Chemical_27,Кувыршина_ВИ,Цэ9429Чы
Хитьков Анатолий Петрович#Аллопуринол#1519-07-04#Chemical_87 Chemical_96 Chemical_19,Хитьков_АП,ВЩ5г8ъЕв
Шибилкин Яков Кириллович#Антациды#1518-10-06#Chemical_83 Chemical_15 Chemical_80,Шибилкин_ЯК,6ЬВЖИшшп
Кереметин Вячеслав Тимофеевич#Зинорам#1637-04-21#Chemical_83 Chemical_25 Chemical_38,Кереметин_ВТ,ЙНшыРЪй8
Брокина Дарья Олеговна#Ацетилсалициловая кислота#1327-01-03#Chemical_8 Chemical_68 Chemical_90,Брокина_ДО,оьИБНб7у
Ачин Герасим Данилович#Гидрохлоротиазид#1014-01-22#Chemical_18 Chemical_70 Chemical_37,Ачин_ГД,ИфШЬги9б
Тановицкий Тарас Виталиевич#Тикалиптин#1762-03-15#Chemical_55 Chemical_91 Chemical_31,Тановицкий_ТВ,клАВёпш4
Беломожнов Михаил Романович#Левотироксин#1072-09-24#Chemical_46 Chemical_12 Chemical_12,Беломожнов_МР,40ШЗфчЩу
Хорошилин Кирилл Фёдорович#Мезим#1820-07-08#Chemical_16 Chemical_44 Chemical_52,Хорошилин_КФ,яъ6ЦФЦЖЯ
Киржанкова Алиса Вадимовна#Виалар#1652-12-11#Chemical_76 Chemical_49 Chemical_89,Киржанкова_АВ,щСКЗЧТЦ6
Цуканов Иван Иванович#Венолайфт#1674-07-26#Chemical_9 Chemical_26 Chemical_26,Цуканов_ИИ,Т68ючМад
Потешных Дмитрий Иванович#Колчицин#1097-08-05#Chemical_97 Chemical_4 Chemical_22,Потешных_ДИ,ЁСфхА98Х
Суряднова Виолетта Богдановна#Протоник#1700-07-01#Chemical_88 Chemical_25 Chemical_95,Суряднова_ВБ,ЮРмЪз0Мп
Кажайкина Карина Эдуардовна#Парацетамол#1254-11-19#Chemical_52 Chemical_10 Chemical_70,Кажайкина_КЭ,ПЖ5л3КшЯ
Рабовский Дмитрий Яковлевич#Витамин С#0924-02-08#Chemical_35 Chemical_80 Chemical_55,Рабовский_ДЯ,Я5фэКыаФ
Едамов Аркадий Тимофеевич#Амоксициллин#1567-10-19#Chemical_10 Chemical_40 Chemical_23,Едамов_АТ,ВЖИ6чъПъ
Столбова София Василевна#Атенолол#0940-07-17#Chemical_47 Chemical_34 Chemical_45,Столбова_СВ,эЁДБЕ1Иъ
Смаркин Семён Андреевич#Золаир#1973-12-11#Chemical_66 Chemical_71 Chemical_50,Смаркин_СА,крпЫЮШ36
Колтакова Алиса Максимовна#Иммунивит#1056-07-16#Chemical_52 Chemical_1 Chemical_80,Колтакова_АМ,ЬАЗЮ5ую3
Фимошина Виктория Романовна#Левотироксин#1814-03-23#Chemical_72 Chemical_3 Chemical_59,Фимошина_ВР,ЧИЗж4шДЮ
Крыницкий Владимир Борисович#Омепразол#0959-10-21#Chemical_4 Chemical_20 Chemical_41,Крыницкий_ВБ,ЮЯВЦ4зЩП
Косых Жанна Михайловна#Пентоксифиллин#1449-09-05#Chemical_87 Chemical_89 Chemical_72,Косых_ЖМ,БфуФЯСт5
Кваснинов Кирилл Адамович#Ретардин#1267-09-14#Chemical_22 Chemical_11 Chemical_68,Кваснинов_КА,7ЦчЬУЖгВ
Чундерова Катерина Никитична#Колчицин#1755-10-02#Chemical_68 Chemical_17 Chemical_74,Чундерова_КН,1яВггШэУ
Худаева Виктория Богдановна#Диклофенак#1833-07-23#Chemical_29 Chemical_53 Chemical_96,Худаева_ВБ,З2Чн2ЁХт
Хапилов Герасим Денисович#Пропанолол#1458-04-23#Chemical_10 Chemical_64 Chemical_91,Хапилов_ГД,щ1БяжоВЩ
Ордянская Елизавета Вадимовна#Енап#1926-02-14#Chemical_5 Chemical_9 Chemical_36,Ордянская_ЕВ,бХпЩЛ6гЛ
Бахматова Вера Борисовна#Гропирон#1575-12-23#Chemical_89 Chemical_82 Chemical_73,Бахматова_ВБ,Щ2ьРШчч0
Хатуцкая Галина Романовна#Урсофальк#1518-09-04#Chemical_81 Chemical_50 Chemical_46,Хатуцкая_ГР,8Е9ОсвЫн
Левжинская Екатерина Кирилловна#Атенолол#1830-03-09#Chemical_98 Chemical_91 Chemical_74,Левжинская_ЕК,ёв2ьрх7Д
Колбиев Андрей Георгиевич#Миртазапин#1963-09-11#Chemical_91 Chemical_45 Chemical_71,Колбиев_АГ,юГЦвлАС7
Мамсуров Валентин Алексеевич#Урсофальк#1824-07-22#Chemical_73 Chemical_82 Chemical_41,Мамсуров_ВА,ппЕЧЩ6ся
Нягусева Клара Никитична#Бактрим#1971-09-01#Chemical_46 Chemical_84 Chemical_83,Нягусева_КН,х083ьдщЫ
Биклинев Никита Фёдорович#Евалар солгар мультивитамини#1124-08-10#Chemical_26 Chemical_95 Chemical_71,Биклинев_НФ,9д7кН1З8
Осоргин Григорий Денисович#Зылорик#1201-05-27#Chemical_63 Chemical_98 Chemical_69,Осоргин_ГД,ычн6оЮЭЩ
Поводова Вероника Федоровна#Лозартан#1520-08-22#Chemical_3 Chemical_5 Chemical_44,Поводова_ВФ,ыЕЛ3МоЭЩ
Шишанкова Алла Алексеевна#Бензоилпероксид#1115-02-04#Chemical_77 Chemical_66 Chemical_79,Шишанкова_АА,65Я0тяцю
Скарлыкин Павел Яковлевич#Золедроновая кислота#1037-07-04#Chemical_5 Chemical_93 Chemical_49,Скарлыкин_ПЯ,МчГ1юЕБи
Корельцев Валерий Адамович#Валидол#2021-11-07#Chemical_26 Chemical_60 Chemical_42,Корельцев_ВА,Нщф3ЁМГб
Сочинский Владислав Антонович#Пилипен#1773-11-11#Chemical_97 Chemical_8 Chemical_73,Сочинский_ВА,ияоу8Хчр
Крамина Клара Дмитриевна#Мелатонин#1449-09-06#Chemical_85 Chemical_77 Chemical_17,Крамина_КД,П331лПГч
Мошаева Кира Валерьевна#Глюкозамин#1709-01-08#Chemical_25 Chemical_79 Chemical_11,Мошаева_КВ,дГБ5Ядэ5
Ахмадуллин Александр Евгеньевич#Амитриптилин#0960-12-26#Chemical_90 Chemical_77 Chemical_84,Ахмадуллин_АЕ,жрУе5ЫцШ
Бургов Иван Михаилович#Итрафунгол#1145-09-06#Chemical_26 Chemical_92 Chemical_80,Бургов_ИМ,АьъъЕ7Ёъ
Мошевитин Юрий Виталиевич#Линезолид#1181-11-22#Chemical_48 Chemical_97 Chemical_5,Мошевитин_ЮВ,ыТЁИк3Рю
Макарова София Ивановна#Левофлоксацин#1331-02-21#Chemical_69 Chemical_61 Chemical_62,Макарова_СИ,ел3шгфУж
Ганчева Кира Олеговна#Зылорик#1288-08-10#Chemical_39 Chemical_83 Chemical_73,Ганчева_КО,ЩкЁЩ1ожЗ
Алятин Эдуард Романович#Кладрибин#1409-03-13#Chemical_51 Chemical_70 Chemical_29,Алятин_ЭР,9спЕщДПМ
Глинкин Владимир Викторович#Пентоксифиллин#1637-09-23#Chemical_11 Chemical_18 Chemical_63,Глинкин_ВВ,4бКЙыЖЧЦ
Строгалев Леонид Вадимович#Пропанолол#1530-12-11#Chemical_31 Chemical_96 Chemical_91,Строгалев_ЛВ,укц5ЦГы4
Гирина Ева Никитична#Живина#1850-01-12#Chemical_94 Chemical_8 Chemical_86,Гирина_ЕН,5реИбЕЁЯ
Нецкина Елизавета Василевна#Вальтрекс#0901-02-23#Chemical_27 Chemical_12 Chemical_63,Нецкина_ЕВ,еЭэСГ06В
Тахтауров Эдуард Данилович#Норматен#1717-01-20#Chemical_92 Chemical_81 Chemical_32,Тахтауров_ЭД,6И1э9ЪЮю
Новеньких Валерий Борисович#Азитромицин#1107-06-25#Chemical_98 Chemical_81 Chemical_70,Новеньких_ВБ,Т5леНИЦф
Веденисов Василий Юриевич#Бетаметазон#1760-03-11#Chemical_1 Chemical_79 Chemical_23,Веденисов_ВЮ,2Б8СЫз8п
Назарбаев Геннадий Вадимович#Ёжик#1739-07-09#Chemical_68 Chemical_66 Chemical_31,Назарбаев_ГВ,5ЦфюФкЦВ
Верескина Ольга Сергеевна#Рибавирин#1439-04-28#Chemical_2 Chemical_38 Chemical_70,Верескина_ОС,ёО10кШЯК
Мойкина Инна Василевна#Рибавирин#1790-07-15#Chemical_53 Chemical_73 Chemical_83,Мойкина_ИВ,ПГиЁз7ЧН
Каледенков Вячеслав Денисович#Миртазапин#1901-05-08#Chemical_25 Chemical_60 Chemical_37,Каледенков_ВД,С0ПпЗКзу
Нечахин Альберт Николаевич#Азитромицин#1254-03-20#Chemical_16 Chemical_15 Chemical_70,Нечахин_АН,зэщ1сЛ35
Томасов Владислав Максимович#Женьшень#1162-07-26#Chemical_69 Chemical_54 Chemical_57,Томасов_ВМ,ьфйчвЦ5Х
Плетцова Виолетта Богдановна#Дикарбазин#0999-04-28#Chemical_52 Chemical_83 Chemical_21,Плетцова_ВБ,П9йюгКЦ0
Гаврилкин Вадим Василиевич#Уоллтапс#1135-11-22#Chemical_91 Chemical_96 Chemical_8,Гаврилкин_ВВ,Э1гчтЁЮЛ
Милетина Александра Аркадьевна#Амитриптилин#1422-01-28#Chemical_61 Chemical_42 Chemical_31,Милетина_АА,ым61зЩЪР
Добранчева Зинаида Михайловна#Оксикодон#1518-01-22#Chemical_61 Chemical_77 Chemical_95,Добранчева_ЗМ,ИЁЪ6Каьб
Зиганова Зинаида Кирилловна#Ранитидин#1018-11-14#Chemical_79 Chemical_78 Chemical_77,Зиганова_ЗК,8ье4мБнЛ
Упорников Михаил Евгеньевич#Ибупрофен#1592-06-21#Chemical_77 Chemical_96 Chemical_19,Упорников_МЕ,Ре4ШЩ2ОЛ
Веснянкина Марина Эдуардовна#Вальтрекс#0928-09-27#Chemical_38 Chemical_79 Chemical_54,Веснянкина_МЭ,ЦапПл50С
Снитникова Маргарита Богдановна#Итрафунгол#1844-10-11#Chemical_13 Chemical_50 Chemical_12,Снитникова_МБ,Э4Ё3д0УЧ
Закакуев Максим Фёдорович#Нимулид#1236-09-19#Chemical_64 Chemical_51 Chemical_51,Закакуев_МФ,ЭДУя6ГхК
Помадкова Тамара Егоровна#Оланзапин#1213-01-09#Chemical_33 Chemical_8 Chemical_80,Помадкова_ТЕ,5БяДГ5о6
Чубанова Алёна Романовна#Мелоксикам#1072-11-13#Chemical_76 Chemical_38 Chemical_23,Чубанова_АР,пящСШЛы1
Реутский Федор Юриевич#Бромгексин#1584-03-18#Chemical_79 Chemical_7 Chemical_92,Реутский_ФЮ,8пзЪХЁсб
Пурювкин Руслан Георгиевич#Пентоксифиллин#1688-01-23#Chemical_3 Chemical_19 Chemical_37,Пурювкин_РГ,тфжчТ7хП
Помазенцев Яков Тимофеевич#Сетирозин#1941-02-23#Chemical_81 Chemical_34 Chemical_65,Помазенцев_ЯТ,ёЙ0ЙБмО3
Девушкина Жанна Андреевна#Золедроновая кислота#1379-11-10#Chemical_23 Chemical_51 Chemical_9,Девушкина_ЖА,дсЬНыН4В
Яшункина Дарья Сергеевна#Женьшень#1669-10-15#Chemical_30 Chemical_22 Chemical_91,Яшункина_ДС,хЖИ5КЗФс
Шалапугина Юлия Дмитриевна#Дуодарт#1109-04-27#Chemical_3 Chemical_17 Chemical_20,Шалапугина_ЮД,к3бмТЙдХ
Пепинова Ева Ивановна#Ацетилсалициловая кислота#0963-02-26#Chemical_5 Chemical_62 Chemical_58,Пепинова_ЕИ,Ч43в95ЧЗ
Юделева Валентина Игоревна#Бромгексин#1328-10-18#Chemical_52 Chemical_65 Chemical_73,Юделева_ВИ,3хкПМКЭи
Монастыров Иван Юриевич#Ибупрофен#1241-12-25#Chemical_30 Chemical_52 Chemical_21,Монастыров_ИЮ,ижц51ЦТЙ
Досадина Зинаида Игоревна#Росувастатин#2005-09-16#Chemical_4 Chemical_30 Chemical_45,Досадина_ЗИ,1гв24Ыз5
Заяшникова Оксана Борисовна#Диклофенак#1869-08-12#Chemical_96 Chemical_73 Chemical_84,Заяшникова_ОБ,ЁавЫшн46
Непогодина Людмила Петровна#Витамин С#0900-02-24#Chemical_80 Chemical_34 Chemical_87,Непогодина_ЛП,Бевьохр0
Бежджонов Антон Евгеньевич#Амитриптилин#1528-09-28#Chemical_37 Chemical_70 Chemical_13,Бежджонов_АЕ,РфДШтР1И
Могеев Станислав Алексиевич#Агонал#1106-11-23#Chemical_34 Chemical_87 Chemical_23,Могеев_СА,Х8вЕрэОё
Нарымова Дарья Валерьевна#Жасмин#1343-05-05#Chemical_68 Chemical_55 Chemical_6,Нарымова_ДВ,ж3ЙоКЬ3а
Справников Игорь Адамович#Дуодарт#1091-06-24#Chemical_11 Chemical_85 Chemical_63,Справников_ИА,йСэСлйЭ5
Кормщиков Евгений Юриевич#Левофлоксацин#1911-06-28#Chemical_57 Chemical_29 Chemical_63,Кормщиков_ЕЮ,Ь1ю0ЗщфЦ
Букатов Дмитрий Алексиевич#Бисакодил#1643-09-23#Chemical_53 Chemical_30 Chemical_58,Букатов_ДА,0ёФрез08
Абримов Павел Олегович#Амоксициллин#0938-12-20#Chemical_88 Chemical_13 Chemical_39,Абримов_ПО,ю1лМ4Д3е
Падолкина Надежда Ивановна#Ингавирин#1792-05-08#Chemical_80 Chemical_13 Chemical_85,Падолкина_НИ,гчКМ5ГЬи
Кавардин Вячеслав Тимофеевич#Аллопуринол#1388-04-06#Chemical_7 Chemical_55 Chemical_33,Кавардин_ВТ,ш4Ътгчцю
Кожаурова Жанна Ивановна#Левофлоксацин#1311-10-06#Chemical_10 Chemical_5 Chemical_41,Кожаурова_ЖИ,фЪ72ЬеНц
Балакин Пётр Антонович#Спазмалгон#1326-09-12#Chemical_42 Chemical_30 Chemical_68,Балакин_ПА,9ттьвЧв8
Киржаков Геннадий Максимович#Золедроновая кислота#1478-03-20#Chemical_51 Chemical_8 Chemical_26,Киржаков_ГМ,ЗЙЕ9м7ъс
Давличаров Павел Игоревич#Бензоилпероксид#1184-02-17#Chemical_32 Chemical_73 Chemical_98,Давличаров_ПИ,0СЫшЯДёХ
Камашкин Артём Вадимович#Итрафунгол#1114-02-27#Chemical_98 Chemical_32 Chemical_16,Камашкин_АВ,1кяфъПД8
Постатская Полина Алексеевна#Бензоилпероксид#0972-06-28#Chemical_12 Chemical_76 Chemical_81,Постатская_ПА,С3бЛ9Бь2
Максимцев Станислав Николаевич#Зинорам#1045-01-13#Chemical_78 Chemical_13 Chemical_54,Максимцев_СН,СщхЭжж4э
Петюшина Светлана Эдуардовна#Агонал#1506-10-21#Chemical_38 Chemical_53 Chemical_58,Петюшина_СЭ,3к8игюХю
Петрина Наталья Аркадьевна#Лозартан#1648-04-28#Chemical_3 Chemical_70 Chemical_35,Петрина_НА,ОЛвШЫН7Ж
Крутцов Станислав Юриевич#Росувастатин#1256-01-26#Chemical_8 Chemical_39 Chemical_82,Крутцов_СЮ,ТпкиМъе1
Ананчева Вероника Ивановна#Гидрохлоротиазид#1060-03-03#Chemical_98 Chemical_57 Chemical_56,Ананчева_ВИ,ОЦЮПп4гЗ
Цыцарцев Валерий Василиевич#Нитросорбид#1063-08-08#Chemical_21 Chemical_60 Chemical_8,Цыцарцев_ВВ,ш7гжкФ2ж
Зазнобкина Ирина Богдановна#Золаир#1917-10-07#Chemical_58 Chemical_65 Chemical_98,Зазнобкина_ИБ,бЖэсд3В2
Обризова Алена Олеговна#Антациды#1712-06-24#Chemical_58 Chemical_35 Chemical_10,Обризова_АО,ЮЫЛ6ГУеН
Салянкин Владислав Фёдорович#Небиволол#1420-07-13#Chemical_51 Chemical_84 Chemical_32,Салянкин_ВФ,ЧИГв2Зме
Чернедова Алиса Аркадьевна#Оланзапин#1869-08-16#Chemical_21 Chemical_17 Chemical_57,Чернедова_АА,ИЁ3вЕУЪЦ
Токарев Руслан Алексеевич#Виагра#1591-05-12#Chemical_90 Chemical_13 Chemical_52,Токарев_РА,3ЪяНьлЦ3
Миридинов Денис Денисович#Зылорик#1166-03-13#Chemical_17 Chemical_42 Chemical_97,Миридинов_ДД,ЫЧН2л2рж
Копелькина Елизавета Алексеевна#Агонал#1181-05-22#Chemical_4 Chemical_58 Chemical_52,Копелькина_ЕА,онЕ2нЕНч
Будяков Михаил Петрович#Женьшень#1989-11-10#Chemical_24 Chemical_17 Chemical_83,Будяков_МП,5уахПУал
Мавлекиева Дарья Валерьевна#Зинорам#1766-05-02#Chemical_15 Chemical_8 Chemical_59,Мавлекиева_ДВ,Стё2щЁнТ
Бальнова Светлана Богдановна#Венолайфт#1392-08-15#Chemical_27 Chemical_76 Chemical_28,Бальнова_СБ,щЫЮ0соГЕ
Муруев Никита Николаевич#Спазмалгон#1497-04-10#Chemical_81 Chemical_85 Chemical_82,Муруев_НН,0бРщщЭГЯ
Танкуйлин Аркадий Кириллович#Железа препараты#0939-06-15#Chemical_58 Chemical_95 Chemical_70,Танкуйлин_АК,6уДыЯТжГ
Леплинский Владислав Юриевич#Кетопрофен#1907-02-06#Chemical_63 Chemical_97 Chemical_69,Леплинский_ВЮ,юппЯБЗ6в
Жегланова Алёна Ивановна#Колчицин#1726-04-28#Chemical_51 Chemical_50 Chemical_64,Жегланова_АИ,ВЙфг20бЯ
Шелдукова Алина Викторовна#Метформин#1908-06-19#Chemical_28 Chemical_22 Chemical_60,Шелдукова_АВ,кЩЬНьнЛ3
Рапиева Зинаида Никитична#Бетаин#1376-12-13#Chemical_48 Chemical_5 Chemical_53,Рапиева_ЗН,ъЁ1е8ФСК
Гермогенов Иван Тимофеевич#Амоксиклав#1936-10-10#Chemical_97 Chemical_22 Chemical_38,Гермогенов_ИТ,ХьзфюНС2
Холсин Константин Сергеевич#Кетопрофен#1148-04-05#Chemical_32 Chemical_86 Chemical_37,Холсин_КС,Л2ж2ю8юе
Вакунов Александр Викторович#Метопролол#0914-04-03#Chemical_58 Chemical_2 Chemical_87,Вакунов_АВ,й2ЮсГЬ0А
Подласова Вера Андреевна#Рибавирин#1034-12-01#Chemical_80 Chemical_33 Chemical_46,Подласова_ВА,заЯЮел3Н
Городцов Игорь Валериевич#Симвастатин#1468-06-03#Chemical_45 Chemical_49 Chemical_18,Городцов_ИВ,жБ1КлАС0
Алексакова Карина Дмитриевна#Амоксиклав#1996-06-15#Chemical_18 Chemical_4 Chemical_48,Алексакова_КД,435тбхМЦ
Эссина Полина Ивановна#Мелатонин#1429-08-25#Chemical_20 Chemical_44 Chemical_84,Эссина_ПИ,ЪВ1ЭэЛьл
Юртайкина Зинаида Ивановна#Уоллтапс#1107-09-26#Chemical_14 Chemical_47 Chemical_64,Юртайкина_ЗИ,ЪзХ2ьЬмм
Варваркина Софья Максимовна#Метопролол#1946-05-17#Chemical_64 Chemical_45 Chemical_83,Варваркина_СМ,иШЯпл4ТШ
Зябкина Валерия Михайловна#Бетаин#1801-03-24#Chemical_21 Chemical_90 Chemical_87,Зябкина_ВМ,Щ13ЙлЙ8Э
Шерекина Екатерина Николаевна#Симвастатин#1005-05-02#Chemical_44 Chemical_1 Chemical_79,Шерекина_ЕН,сР5ЖШкЗк
Халипский Евгений Алексеевич#Пилипен#1068-05-23#Chemical_62 Chemical_13 Chemical_92,Халипский_ЕА,Ог9Ь1ёта
Голбина Галина Егоровна#Лоразепам#1321-06-08#Chemical_43 Chemical_89 Chemical_2,Голбина_ГЕ,жгКнБЗ7и
Кузубов Роман Кириллович#Триптаны#1167-06-06#Chemical_36 Chemical_64 Chemical_98,Кузубов_РК,эУд9ЯЗЦГ
Эзенкина Ксения Ивановна#Ретардин#1599-01-21#Chemical_90 Chemical_92 Chemical_67,Эзенкина_КИ,НюИВ2юБ6
Киричуков Никита Игоревич#Бетаин#1498-08-25#Chemical_97 Chemical_15 Chemical_53,Киричуков_НИ,МеБюл2кМ
Агафеева Тамара Олеговна#Клопидогрел#0932-08-16#Chemical_17 Chemical_72 Chemical_22,Агафеева_ТО,Шю9бгУуВ
Ханевичев Геннадий Викторович#Ингавирин#1445-06-15#Chemical_100 Chemical_88 Chemical_31,Ханевичев_ГВ,И9ГфПБхи
Мицина Светлана Кирилловна#Норматен#1032-04-04#Chemical_44 Chemical_16 Chemical_60,Мицина_СК,ощЁШахЖ5
Атарщиков Артём Викторович#Валидол#0935-09-01#Chemical_48 Chemical_25 Chemical_54,Атарщиков_АВ,лъмУТИе1
Эйдикова Ирина Егоровна#Ранитидин#1304-10-20#Chemical_22 Chemical_48 Chemical_13,Эйдикова_ИЕ,6ЕЪГ5сЪФ
Каплина Валентина Романовна#Алпразолам#1380-12-06#Chemical_73 Chemical_48 Chemical_15,Каплина_ВР,Бжцк1Ш3К
Осицимский Алексей Юриевич#Норматен#1026-12-09#Chemical_81 Chemical_80 Chemical_35,Осицимский_АЮ,Д7ёЪхЪяН
Плантова Катерина Николаевна#Урсофальк#1849-12-27#Chemical_19 Chemical_60 Chemical_28,Плантова_КН,ЫЭяы3шВЫ
Селемнева Мария Вадимовна#Омепразол#1776-10-08#Chemical_67 Chemical_94 Chemical_77,Селемнева_МВ,4ЦпХАиСл
Сымчева Зинаида Богдановна#Бисакодил#1765-06-26#Chemical_53 Chemical_58 Chemical_28,Сымчева_ЗБ,В0нЁ0фИл
Стретова Раиса Яковлевна#Дикарбазин#1694-05-06#Chemical_82 Chemical_95 Chemical_53,Стретова_РЯ,Ям1ФцуНм
Царитова Галина Олеговна#Омега-3 кислоты#1962-05-03#Chemical_97 Chemical_61 Chemical_81,Царитова_ГО,шъ0Е78Сп
Дрыкина Кристина Василевна#Метопролол#1152-05-06#Chemical_79 Chemical_60 Chemical_18,Дрыкина_КВ,Мэ0гТ2Пн
Спорягина Анна Кирилловна#Антациды#2009-03-04#Chemical_16 Chemical_19 Chemical_14,Спорягина_АК,оГъ4ОчБа
Цепикин Константин Евгеньевич#Виалар#1502-09-18#Chemical_1 Chemical_36 Chemical_54,Цепикин_КЕ,0АЦЖЖМал
Кордашин Пётр Данилович#Ингавирин#1598-01-05#Chemical_31 Chemical_65 Chemical_25,Кордашин_ПД,лИт9тЯ35
Байдильдин Станислав Вадимович#Гропирон#1224-02-12#Chemical_17 Chemical_6 Chemical_88,Байдильдин_СВ,ГЯлВРзА4
Ябковская Елена Яковлевна#Антациды#1504-12-24#Chemical_52 Chemical_27 Chemical_29,Ябковская_ЕЯ,й2ЧРиСгч
Ионкин Владимир Иванович#Ретардин#1164-04-22#Chemical_71 Chemical_3 Chemical_11,Ионкин_ВИ,1аЧВэгаХ
Пониматкин Артём Яковлевич#Бромгексин#0963-10-18#Chemical_11 Chemical_1 Chemical_69,Пониматкин_АЯ,Чм3ЪШзБа
Охочинская Жанна Валерьевна#Триптаны#1643-10-17#Chemical_91 Chemical_3 Chemical_32,Охочинская_ЖВ,Ъд8ъФьсл
Размыкова Алина Кирилловна#Тианептин#1045-06-04#Chemical_86 Chemical_37 Chemical_69,Размыкова_АК,Эд5ЁЙ3ЛН
Аврамов Руслан Алексиевич#Кандесартан#1308-02-21#Chemical_61 Chemical_97 Chemical_31,Аврамов_РА,ЖдрЫБ1ящ
Семовских Лиза Викторовна#Пропанолол#1256-04-10#Chemical_75 Chemical_31 Chemical_8,Семовских_ЛВ,2сЪбЁСЖ4
Абалмазов Валентин Петрович#Пропанолол#2020-05-02#Chemical_4 Chemical_90 Chemical_93,Абалмазов_ВП,цНЗ0иЗцИ
Аскаров Илья Кириллович#Ниссан#1851-02-04#Chemical_100 Chemical_39 Chemical_76,Аскаров_ИК,0ЮЦзБпОш
Свирстина Жанна Богдановна#Допамин#1523-04-21#Chemical_89 Chemical_40 Chemical_27,Свирстина_ЖБ,еЙ0ЗюЁБЁ
Копытенков Олег Денисович#Золекс#1373-11-03#Chemical_25 Chemical_35 Chemical_39,Копытенков_ОД,4л0Й3Псю
Аполонин Максим Михаилович#Лоразепам#1519-07-06#Chemical_83 Chemical_62 Chemical_76,Аполонин_ММ,6хэЦВв43
Добрышкин Аркадий Валериевич#Золаир#1300-11-25#Chemical_32 Chemical_43 Chemical_27,Добрышкин_АВ,кЬ0Н75лТ
Хромачев Валентин Василиевич#Диклофенак#1682-02-07#Chemical_58 Chemical_12 Chemical_64,Хромачев_ВВ,ЁСАВ1Ё1а
Панчекин Виталий Аркадиевич#Тикалиптин#1896-12-08#Chemical_33 Chemical_22 Chemical_94,Панчекин_ВА,ЪАп5НВ16
Саслина Тамара Максимовна#Венолайфт#1666-10-08#Chemical_99 Chemical_22 Chemical_31,Саслина_ТМ,фЁЖеЯ24ю
Буглина Инна Михайловна#Ацетилсалициловая кислота#1278-10-17#Chemical_66 Chemical_100 Chemical_62,Буглина_ИМ,юЧЖ3ЗЫБВ
Якутенкова Жанна Валерьевна#Сертралин#1988-08-19#Chemical_64 Chemical_69 Chemical_10,Якутенкова_ЖВ,ЬЛзПШуи2
Сафошин Георгий Василиевич#Колчицин#1367-03-17#Chemical_9 Chemical_17 Chemical_28,Сафошин_ГВ,828ЯВхзК
Каяцкая Ольга Борисовна#Индометацин#1440-10-12#Chemical_21 Chemical_60 Chemical_21,Каяцкая_ОБ,69ПнВШеф
Карапозов Константин Василиевич#Левотироксин#1918-06-07#Chemical_55 Chemical_29 Chemical_4,Карапозов_КВ,ЯРТЛД9Зг
Рустямова Алина Василевна#Итрафунгол#1575-05-07#Chemical_80 Chemical_30 Chemical_57,Рустямова_АВ,ЁЕрЙЗ4яЕ
Жерденков Илья Денисович#Колчицин#1401-09-15#Chemical_95 Chemical_49 Chemical_85,Жерденков_ИД,ШрШ4ьвън
Донышева Людмила Кирилловна#Золаир#1972-06-26#Chemical_19 Chemical_69 Chemical_82,Донышева_ЛК,гачЗ4суП
Цыбышев Николай Антонович#Бромгексин#1724-08-07#Chemical_36 Chemical_40 Chemical_36,Цыбышев_НА,ФыЕ5БТР9
Севастокин Виктор Романович#Мидокалм#1279-04-15#Chemical_2 Chemical_64 Chemical_2,Севастокин_ВР,бцбй4бЩж
Баранихина Алла Евгеньевна#Иммунивит#1629-02-22#Chemical_81 Chemical_100 Chemical_80,Баранихина_АЕ,8бтчЫВРЖ
Тараборина Марина Андреевна#Тианептин#1664-10-19#Chemical_63 Chemical_54 Chemical_70,Тараборина_МА,0ы8еУЕп4
Шкутин Юрий Алексиевич#Рибавирин#1088-02-23#Chemical_49 Chemical_67 Chemical_24,Шкутин_ЮА,ШУлшбЩ5х
Пушменкова Наталья Богдановна#Сетирозин#1622-10-23#Chemical_68 Chemical_71 Chemical_90,Пушменкова_НБ,бТкэдй8а
Малшенков Дмитрий Кириллович#Женьшень#1378-06-10#Chemical_17 Chemical_6 Chemical_59,Малшенков_ДК,ъНЬвёеЕ1
Валкин Денис Олегович#Парацетамол#1129-04-09#Chemical_93 Chemical_33 Chemical_39,Валкин_ДО,8ГЙзБЬъь
Граннина Алиса Андреевна#Ранитидин#1329-04-25#Chemical_21 Chemical_89 Chemical_59,Граннина_АА,мК7тЦДОР
Перемитина Алиса Борисовна#Амлодипин#1475-10-20#Chemical_30 Chemical_16 Chemical_65,Перемитина_АБ,фнц0ьШгэ
Масленцова Алина Вадимовна#Левофлоксацин#1367-11-21#Chemical_15 Chemical_43 Chemical_83,Масленцова_АВ,Ш3ЮпъовН
Шалчков Денис Викторович#Рамиприл#1706-06-08#Chemical_58 Chemical_70 Chemical_1,Шалчков_ДВ,ЁУГъЭХЧ5
Проселкова Зинаида Максимовна#Рибавирин#1032-10-19#Chemical_46 Chemical_99 Chemical_73,Проселкова_ЗМ,ЬъШж1фзН
Большанин Павел Андреевич#Кетопрофен#1526-06-17#Chemical_60 Chemical_53 Chemical_35,Большанин_ПА,бФА8Ц75Ё
Капцева Юлия Федоровна#Виалар#1902-07-26#Chemical_17 Chemical_89 Chemical_14,Капцева_ЮФ,эРВзиыг5
Тюшагин Аркадий Борисович#Уоллтапс#1530-08-11#Chemical_79 Chemical_55 Chemical_23,Тюшагин_АБ,9Ю1Щ6юЁЧ
Сусленков Игорь Денисович#Мезим#1214-05-15#Chemical_95 Chemical_79 Chemical_44,Сусленков_ИД,Ь3щк7Щ8й
Печуркина Жанна Борисовна#Виагра#1950-09-19#Chemical_40 Chemical_38 Chemical_48,Печуркина_ЖБ,В7бСЁьхц
Крахоткина Софья Олеговна#Амлодипин#1381-04-02#Chemical_14 Chemical_7 Chemical_65,Крахоткина_СО,ъРмйеъ7Г
Огулова Виктория Борисовна#Глюкозамин#1779-08-09#Chemical_79 Chemical_14 Chemical_40,Огулова_ВБ,кп4М7сую
Евиланова Раиса Федоровна#Габапентин#1823-07-15#Chemical_80 Chemical_75 Chemical_21,Евиланова_РФ,Фё4ДзрСы
Крудакова Оксана Яковлевна#Ксарелто#1609-08-10#Chemical_88 Chemical_28 Chemical_59,Крудакова_ОЯ,э0ъЭ0пИЪ
Осконов Роман Андреевич#Амоксиклав#1957-06-01#Chemical_6 Chemical_45 Chemical_30,Осконов_РА,нУпРы9ПН
Находнов Пётр Михаилович#Евалар солгар мультивитамини#1315-02-12#Chemical_1 Chemical_62 Chemical_1,Находнов_ПМ,ФЩВМльЪ6
Дрычкова Кира Эдуардовна#Гропирон#1463-09-20#Chemical_100 Chemical_6 Chemical_72,Дрычкова_КЭ,Жу8УяцеП
Полатов Павел Алексеевич#Рамиприл#1792-07-25#Chemical_51 Chemical_6 Chemical_61,Полатов_ПА,хд2ЖХЗфщ
Бострикова Софья Романовна#Оланзапин#1080-12-09#Chemical_94 Chemical_40 Chemical_35,Бострикова_СР,ИЛШчух4ю
Джоев Вадим Юриевич#Норматен#1896-08-19#Chemical_58 Chemical_85 Chemical_95,Джоев_ВЮ,8ШаЬБмТА
Актанаев Игорь Валериевич#Бисопролол#0992-01-04#Chemical_2 Chemical_11 Chemical_72,Актанаев_ИВ,в3Т2ю5Ё3
Чужакова Мария Дмитриевна#Метформин#1878-03-01#Chemical_20 Chemical_6 Chemical_8,Чужакова_МД,ЫОФиФП8Б
Гиричева Полина Борисовна#Метопролол#1599-09-03#Chemical_9 Chemical_62 Chemical_84,Гиричева_ПБ,ЁфВ1П6Зп
Гродобоев Константин Михаилович#Оксикодон#2021-07-28#Chemical_64 Chemical_33 Chemical_76,Гродобоев_КМ,ЮЪыюЁ4ц7
Сапетина Марина Дмитриевна#Спазмалгон#1814-12-23#Chemical_39 Chemical_84 Chemical_74,Сапетина_МД,7УПкчъКк
Писеева Катерина Богдановна#Амоксиклав#1090-11-18#Chemical_18 Chemical_16 Chemical_47,Писеева_КБ,Ёя34ШыыЗ
Загладин Илья Тимофеевич#Уоллтапс#1441-04-08#Chemical_8 Chemical_75 Chemical_97,Загладин_ИТ,И0лИЦ9нД
Гридаева Елена Олеговна#Кандесартан#1568-03-06#Chemical_39 Chemical_9 Chemical_45,Гридаева_ЕО,нГшКЬхд6
Чармосова Наталия Алексеевна#Сетирозин#1847-05-17#Chemical_88 Chemical_84 Chemical_5,Чармосова_НА,ЁМёЁчР1Ч
Бешкуров Вячеслав Данилович#Амлодипин#1456-11-04#Chemical_60 Chemical_59 Chemical_39,Бешкуров_ВД,Лх2фМЕВФ
Голубкова Ирина Игоревна#Аллопуринол#0983-02-03#Chemical_17 Chemical_4 Chemical_91,Голубкова_ИИ,ц2Оц6ыБл
Атрохин Павел Юрьевич#Диклофенак#1584-04-11#Chemical_94 Chemical_41 Chemical_3,Атрохин_ПЮ,Д2Уцнню7
Бригина Надежда Федоровна#Ретардин#0908-05-02#Chemical_92 Chemical_37 Chemical_19,Бригина_НФ,2изЫн8йЦ
Сернецкая Людмила Валерьевна#Бромгексин#1691-01-16#Chemical_40 Chemical_90 Chemical_12,Сернецкая_ЛВ,нгщВ1ьЁы
Лутфиева Алина Викторовна#Преднизолон#1239-11-01#Chemical_32 Chemical_68 Chemical_74,Лутфиева_АВ,ЛуРуый5х
Листиков Валентин Михаилович#Виалар#1748-12-27#Chemical_86 Chemical_61 Chemical_8,Листиков_ВМ,бЪч6мйуА
Чилых Виктория Вадимовна#Бисакодил#1585-08-09#Chemical_67 Chemical_26 Chemical_43,Чилых_ВВ,в3нЕЁиЧБ
Химунин Валерий Данилович#Ингавирин#1603-02-02#Chemical_26 Chemical_26 Chemical_65,Химунин_ВД,ЩЗ63ЬаШБ
Баршикова Оксана Валерьевна#Сетирозин#1412-05-23#Chemical_85 Chemical_2 Chemical_77,Баршикова_ОВ,ХеГРЩЫН3
Ушмодина Людмила Михайловна#Мидокалм#1376-02-03#Chemical_60 Chemical_57 Chemical_23,Ушмодина_ЛМ,Ощш2ФМэЭ
Сайдышева Софья Никитична#Глюкозамин#1890-06-02#Chemical_45 Chemical_8 Chemical_49,Сайдышева_СН,4ущИб8ед
Тащенков Дмитрий Денисович#Триптаны#1059-08-28#Chemical_84 Chemical_14 Chemical_9,Тащенков_ДД,РЩЧАцё9М
Сафалова Зинаида Николаевна#Миртазапин#1662-05-17#Chemical_73 Chemical_98 Chemical_51,Сафалова_ЗН,ЭКйг1ьфо
Хажкасимов Борис Алексиевич#Живина#1032-08-14#Chemical_54 Chemical_85 Chemical_12,Хажкасимов_БА,эЗпР1ЕЕф
Куконова Алена Михайловна#Небиволол#1481-10-26#Chemical_74 Chemical_21 Chemical_38,Куконова_АМ,ЧКм5мре2
Борменкова Дарья Василевна#Левотироксин#1643-01-13#Chemical_74 Chemical_17 Chemical_76,Борменкова_ДВ,9ХЁмыФъМ
Веденякин Аркадий Иванович#Спазмалгон#1938-09-24#Chemical_93 Chemical_95 Chemical_18,Веденякин_АИ,6ОС8Ёекф
Абубекаров Олег Юриевич#Сертралин#1811-03-08#Chemical_63 Chemical_17 Chemical_13,Абубекаров_ОЮ,дохшЛ1й5
Лементуев Никита Фёдорович#Пилипен#2012-08-01#Chemical_22 Chemical_31 Chemical_48,Лементуев_НФ,ё7фЛдЪЩО
Кашелев Борис Данилович#Метформин#1023-04-07#Chemical_97 Chemical_58 Chemical_29,Кашелев_БД,шФ8ЪШбЁМ
Жилнина Алла Федоровна#Мелатонин#1851-12-10#Chemical_2 Chemical_75 Chemical_77,Жилнина_АФ,Йдхл3ЗШН
Тряпкин Михаил Денисович#Евалар солгар мультивитамини#1550-02-12#Chemical_65 Chemical_11 Chemical_15,Тряпкин_МД,зайкФБЮ9
Челочева София Олеговна#Нитросорбид#1780-12-07#Chemical_11 Chemical_48 Chemical_12,Челочева_СО,9ЕМцХЕЛН
Бульдыгина Кира Михайловна#Рибавирин#1057-06-18#Chemical_57 Chemical_21 Chemical_81,Бульдыгина_КМ,кёь8охЩЫ
Крумина Елизавета Михайловна#Итрафунгол#1612-01-02#Chemical_10 Chemical_73 Chemical_83,Крумина_ЕМ,дъЭЩ3тжш
Астрактова Жанна Эдуардовна#Дектанол#1588-06-12#Chemical_89 Chemical_84 Chemical_42,Астрактова_ЖЭ,Ж4ТъюцнУ
Дугарский Александр Алексеевич#Спазмалгон#1026-06-26#Chemical_62 Chemical_71 Chemical_5,Дугарский_АА,ЖЗнъИ68В
Яловкина Елизавета Игоревна#Тикалиптин#1278-05-05#Chemical_23 Chemical_34 Chemical_81,Яловкина_ЕИ,82Ыр97Рх
Рукавичкин Григорий Петрович#Бромгексин#1247-10-09#Chemical_15 Chemical_40 Chemical_5,Рукавичкин_ГП,юМБйс5мк
Рубейкин Вячеслав Петрович#Метформин#0949-11-22#Chemical_15 Chemical_58 Chemical_1,Рубейкин_ВП,8мзАДРц5
Черкина Катерина Егоровна#Левофлоксацин#1299-10-11#Chemical_18 Chemical_51 Chemical_58,Черкина_КЕ,еК3Э05ФБ
Приданов Вадим Игоревич#Амоксициллин#1511-05-20#Chemical_43 Chemical_88 Chemical_96,Приданов_ВИ,И5юыШТчк
Шехоболова Светлана Никитична#Железа препараты#1245-05-18#Chemical_45 Chemical_29 Chemical_5,Шехоболова_СН,иэЙя16Сф
Навотнева Лиза Богдановна#Кладрибин#1645-05-17#Chemical_82 Chemical_43 Chemical_98,Навотнева_ЛБ,2ц4Д2ыЬХ
Балькина Анна Игоревна#Золекс#1744-10-09#Chemical_33 Chemical_16 Chemical_77,Балькина_АИ,Яеэйэ5ц7
Пудонин Виталий Данилович#Енап#0958-06-13#Chemical_4 Chemical_4 Chemical_92,Пудонин_ВД,Х2ддщИъс
Самрова Елизавета Евгеньевна#Сертралин#0992-02-25#Chemical_78 Chemical_50 Chemical_12,Самрова_ЕЕ,Т3КьбЩЙс
Близнюкова Ирина Эдуардовна#Метформин#1034-08-26#Chemical_51 Chemical_60 Chemical_94,Близнюкова_ИЭ,1Кы8шрРп
Мышлин Альберт Иванович#Амоксиклав#1497-03-02#Chemical_100 Chemical_2 Chemical_83,Мышлин_АИ,3б6мТдМЭ
Столинская Дарья Викторовна#Алпразолам#1743-11-06#Chemical_75 Chemical_70 Chemical_49,Столинская_ДВ,ЛтБвХК9Э
Горбецкий Альберт Павлович#Ёжик#0968-10-24#Chemical_79 Chemical_33 Chemical_90,Горбецкий_АП,4Цжйх9чг
Личутина Екатерина Богдановна#Женьшень#1042-06-18#Chemical_39 Chemical_62 Chemical_89,Личутина_ЕБ,ЛЬ4ьТПН0
Двизов Ярослав Данилович#Амоксиклав#1339-01-01#Chemical_13 Chemical_46 Chemical_26,Двизов_ЯД,31мБЮбИЫ
Шишулина Анастасия Дмитриевна#Мелоксикам#2001-07-13#Chemical_41 Chemical_68 Chemical_71,Шишулина_АД,ЦкцКТЬф7
Андрюшина Дарья Кирилловна#Кладрибин#1293-10-04#Chemical_92 Chemical_54 Chemical_82,Андрюшина_ДК,ЯшАВЩёЬ7
Оршин Антон Аркадиевич#Амитриптилин#1529-08-08#Chemical_91 Chemical_3 Chemical_39,Оршин_АА,уя6ьОу7Щ
Шляпников Иван Максимович#Оксикодон#1128-07-09#Chemical_61 Chemical_27 Chemical_97,Шляпников_ИМ,е615ЩйЬу
Самарков Вадим Андреевич#Железа препараты#0956-08-14#Chemical_42 Chemical_30 Chemical_66,Самарков_ВА,Иькъ9Оёю
Колужина Виктория Богдановна#Виагра#1683-10-21#Chemical_7 Chemical_14 Chemical_66,Колужина_ВБ,3шЙЩУЫС4
Баласанов Георгий Данилович#Бетаметазон#1843-03-13#Chemical_45 Chemical_89 Chemical_70,Баласанов_ГД,щЛ2зрВ5л
Самолюбов Герасим Вадимович#Бактрим#1297-09-04#Chemical_44 Chemical_21 Chemical_5,Самолюбов_ГВ,ЪаВюрН8Ё
Любиров Тарас Яковлевич#Бетаин#1848-08-18#Chemical_81 Chemical_15 Chemical_67,Любиров_ТЯ,0РжНзВЩц
Кочеляева Александра Игоревна#Лоразепам#0989-06-20#Chemical_89 Chemical_40 Chemical_79,Кочеляева_АИ,ф8дяПЗшы
Плантюрина Алёна Аркадьевна#Индометацин#1915-06-14#Chemical_64 Chemical_99 Chemical_46,Плантюрина_АА,ыаШчид1Л
Мамаикина Лиза Леонидовна#Ретардин#1463-01-27#Chemical_31 Chemical_58 Chemical_82,Мамаикина_ЛЛ,чФЙЪцоТ4
Собина Галина Ивановна#Дектанол#1299-01-25#Chemical_87 Chemical_6 Chemical_84,Собина_ГИ,ОЕрЭай6и
Антогина Лариса Евгеньевна#Железа препараты#1991-01-07#Chemical_86 Chemical_24 Chemical_78,Антогина_ЛЕ,ЛбкяГаХ9
Бандалетов Илья Викторович#Дикарбазин#1977-02-07#Chemical_86 Chemical_12 Chemical_48,Бандалетов_ИВ,пцгйп82Л
Жарченков Николай Евгеньевич#Зинорам#1191-04-27#Chemical_49 Chemical_10 Chemical_23,Жарченков_НЕ,8к9й2ГРХ
Семушин Эдуард Кириллович#Валацикловир#1178-02-21#Chemical_51 Chemical_23 Chemical_78,Семушин_ЭК,ЛСЪдхЁ1О
Курузаева Анна Алексеевна#Глюкозамин#1860-08-28#Chemical_43 Chemical_89 Chemical_72,Курузаева_АА,йДЗмфб5Х
Худеньких Вадим Максимович#Амоксициллин#1986-02-21#Chemical_15 Chemical_41 Chemical_84,Худеньких_ВМ,чА4РВФСХ
Щучина Галина Эдуардовна#Дексаметазон#1181-07-23#Chemical_37 Chemical_89 Chemical_64,Щучина_ГЭ,Якхаце5Й
Чарышкин Игорь Денисович#Рамиприл#1092-10-21#Chemical_41 Chemical_65 Chemical_60,Чарышкин_ИД,мкЯГкНК9
Желнеронов Георгий Тимофеевич#Аллопуринол#1955-12-21#Chemical_96 Chemical_44 Chemical_73,Желнеронов_ГТ,рБХюИм0е
Тенлев Федор Игоревич#Омега-3 кислоты#1389-01-20#Chemical_60 Chemical_79 Chemical_80,Тенлев_ФИ,рВЬЧ0ЮПф
Дохин Борис Антонович#Левотироксин#1765-05-21#Chemical_86 Chemical_69 Chemical_98,Дохин_БА,н57ддрГГ
Аляудинова Яна Аркадьевна#Дуодарт#0926-11-12#Chemical_81 Chemical_28 Chemical_46,Аляудинова_ЯА,3ЕЕ6СЛг3
Вотова Лариса Олеговна#Линезолид#1245-11-26#Chemical_82 Chemical_82 Chemical_78,Вотова_ЛО,ыаЧвЖИ9М
Рыжекова Алиса Богдановна#Сетирозин#1531-11-26#Chemical_2 Chemical_6 Chemical_37,Рыжекова_АБ,5ШБънНОх
Муренкаева Елизавета Аркадьевна#Омега-3 кислоты#0912-07-22#Chemical_81 Chemical_59 Chemical_73,Муренкаева_ЕА,9ёыЭф4еф
Мокрышева Зинаида Вадимовна#Бетаметазон#1935-10-15#Chemical_36 Chemical_91 Chemical_93,Мокрышева_ЗВ,ъ8щФёоРк
Дащинский Ярослав Данилович#Мидокалм#1198-09-04#Chemical_66 Chemical_33 Chemical_93,Дащинский_ЯД,жЫЗ0Чщом
Полванова Клавдия Олеговна#Спазмалгон#1544-04-05#Chemical_73 Chemical_90 Chemical_64,Полванова_КО,Ёщ9вЧХъХ
Мираков Михаил Алексиевич#Росувастатин#1424-02-15#Chemical_45 Chemical_6 Chemical_78,Мираков_МА,М2Гв4тнВ
Коненкина Софья Леонидовна#Дектанол#1878-10-03#Chemical_24 Chemical_45 Chemical_72,Коненкина_СЛ,8оЫЗИЩйУ
Лисанский Илья Максимович#Индометацин#1653-09-17#Chemical_42 Chemical_85 Chemical_96,Лисанский_ИМ,Эщ1РНкКЁ
Домашников Яков Юрьевич#Ингавирин#1222-03-06#Chemical_52 Chemical_85 Chemical_87,Домашников_ЯЮ,цфиМ4ц7м
Трошнин Павел Денисович#Парацетамол#1410-10-14#Chemical_75 Chemical_4 Chemical_52,Трошнин_ПД,Р0с1ксФ2
Акимочкина Александра Аркадьевна#Ниссан#1755-10-23#Chemical_13 Chemical_37 Chemical_50,Акимочкина_АА,ШЭ2йуГН5
Бушина Софья Олеговна#Глюкозамин#1262-08-12#Chemical_62 Chemical_31 Chemical_84,Бушина_СО,ёхФвк4Я7
Коптикова Раиса Вадимовна#Небиволол#1613-07-27#Chemical_54 Chemical_59 Chemical_29,Коптикова_РВ,36ШДЬмиИ
Матюшова Надежда Василевна#Сульфасалазин#1362-08-01#Chemical_95 Chemical_17 Chemical_93,Матюшова_НВ,УИч8ОчюЬ
Яйцев Григорий Петрович#Алпразолам#1829-04-02#Chemical_100 Chemical_29 Chemical_69,Яйцев_ГП,Мб6А39дХ
Пырькова Алина Викторовна#Вальтрекс#1704-12-07#Chemical_36 Chemical_68 Chemical_52,Пырькова_АВ,Яяа0ЮГьМ
Епанчина Клавдия Борисовна#Кладрибин#1451-07-16#Chemical_28 Chemical_71 Chemical_67,Епанчина_КБ,яща7Снм2
Михеюшкин Яков Игоревич#Тикалиптин#0905-03-24#Chemical_72 Chemical_18 Chemical_7,Михеюшкин_ЯИ,и3нёА03И
Гнуздев Евгений Яковлевич#Золедроновая кислота#2002-09-15#Chemical_27 Chemical_15 Chemical_14,Гнуздев_ЕЯ,эШС9МЦШЛ
Мятченкова Евгения Сергеевна#Омепразол#1273-04-07#Chemical_23 Chemical_29 Chemical_48,Мятченкова_ЕС,брК63кди
Оруджалиев Герасим Данилович#Рамиприл#0916-05-19#Chemical_33 Chemical_36 Chemical_98,Оруджалиев_ГД,иЦС4ВЖдц
Зыбинов Борис Тимофеевич#Парацетамол#1184-05-26#Chemical_41 Chemical_15 Chemical_54,Зыбинов_БТ,ми0ВО2еЯ
Лужинская Евгения Евгеньевна#Росувастатин#1217-08-04#Chemical_28 Chemical_3 Chemical_32,Лужинская_ЕЕ,оДщпЗц2л
Типтева София Богдановна#Омепразол#1056-08-24#Chemical_28 Chemical_97 Chemical_54,Типтева_СБ,у6ё5Ььцй
Маслеева Ольга Петровна#Пропанолол#1624-06-15#Chemical_63 Chemical_10 Chemical_59,Маслеева_ОП,шзК6А8ДЦ
Чумакаев Денис Юриевич#Сульфасалазин#1852-09-27#Chemical_75 Chemical_27 Chemical_11,Чумакаев_ДЮ,ЦжюЬ4НйХ
Микрюков Аркадий Антонович#Урсофальк#1797-03-12#Chemical_92 Chemical_86 Chemical_95,Микрюков_АА,ГТ33эФл4
Пигунова Елизавета Федоровна#Триптаны#1546-12-10#Chemical_14 Chemical_68 Chemical_42,Пигунова_ЕФ,Ч1з5кбСл
Ящикова Елизавета Максимовна#Бензоилпероксид#1887-05-26#Chemical_5 Chemical_18 Chemical_3,Ящикова_ЕМ,а1ЧэшИАУ
Аиненков Роман Леонидович#Мелатонин#1625-10-28#Chemical_77 Chemical_76 Chemical_24,Аиненков_РЛ,юб4вАЁеЕ
Даданина Ксения Максимовна#Енап#0984-11-05#Chemical_4 Chemical_7 Chemical_89,Даданина_КМ,РлЙ8Гёсй
Вазильева Марина Яковлевна#Валацикловир#1000-10-15#Chemical_31 Chemical_53 Chemical_1,Вазильева_МЯ,жПДьаОц0
Колокатов Владислав Вадимович#Лоразепам#1731-01-12#Chemical_63 Chemical_47 Chemical_21,Колокатов_ВВ,Ч6Рыпфс8
Мадаминова Валерия Валерьевна#Транексамовая кислота#1219-09-11#Chemical_8 Chemical_80 Chemical_62,Мадаминова_ВВ,Шй2с0в5в
Ловгинская Оксана Богдановна#Итрафунгол#1517-02-21#Chemical_94 Chemical_29 Chemical_18,Ловгинская_ОБ,УЗСлЬУ29
Копнин Роман Юрьевич#Протоник#1148-05-10#Chemical_30 Chemical_53 Chemical_37,Копнин_РЮ,пРч5РРхЩ
Бызин Александр Олегович#Тикалиптин#0953-10-01#Chemical_93 Chemical_26 Chemical_28,Бызин_АО,ЪЬВ1Фажг
Валяскина Раиса Леонидовна#Агонал#1355-01-24#Chemical_67 Chemical_61 Chemical_3,Валяскина_РЛ,СЯЭ9Д6цН
Щекина Евгения Федоровна#Азитромицин#1555-01-19#Chemical_76 Chemical_69 Chemical_76,Щекина_ЕФ,гШы0у9эЛ
Лучшев Федор Алексеевич#Омега-3 кислоты#1231-01-14#Chemical_58 Chemical_87 Chemical_97,Лучшев_ФА,2РяОлхяь
Хубежев Никита Борисович#Небиволол#1175-06-13#Chemical_16 Chemical_71 Chemical_7,Хубежев_НБ,ЫлВДГдТ8
Агакишиев Степан Алексеевич#Мифепристон#1911-06-06#Chemical_54 Chemical_89 Chemical_44,Агакишиев_СА,ЖИиФлп5Ъ
Сгонников Михаил Кириллович#Ингавирин#1463-01-04#Chemical_67 Chemical_21 Chemical_35,Сгонников_МК,гЫЪРд16Ц
Гермоченов Аркадий Леонидович#Кетопрофен#1948-11-11#Chemical_74 Chemical_47 Chemical_87,Гермоченов_АЛ,ЧДД5цБщР
Анисинкова Катерина Аркадьевна#Золаир#1414-12-11#Chemical_95 Chemical_7 Chemical_50,Анисинкова_КА,ЁраЛоёЭ0
Тормасова Клавдия Дмитриевна#Омепразол#1559-05-19#Chemical_43 Chemical_18 Chemical_54,Тормасова_КД,мвЮРхз9П
Беклев Семён Яковлевич#Золедроновая кислота#1022-11-17#Chemical_54 Chemical_97 Chemical_80,Беклев_СЯ,эОЗтВЯы4
Лузинов Вадим Михаилович#Дектанол#1537-12-04#Chemical_16 Chemical_83 Chemical_46,Лузинов_ВМ,4иС0уУвъ
Мизельков Дмитрий Викторович#Виагра#1414-09-17#Chemical_29 Chemical_76 Chemical_67,Мизельков_ДВ,ъздм0ХдП
Роговский Вадим Алексиевич#Иммунивит#1813-09-12#Chemical_99 Chemical_11 Chemical_30,Роговский_ВА,Х8п8жчйФ
Затолопин Семён Олегович#Жасмин#1988-08-23#Chemical_86 Chemical_34 Chemical_26,Затолопин_СО,фЮЫмя2ЦЗ
Кущенкова Алиса Михайловна#Бисопролол#1176-03-21#Chemical_77 Chemical_92 Chemical_31,Кущенкова_АМ,1ВКулРЭС
Хвощинская Катерина Федоровна#Золаир#0984-06-19#Chemical_8 Chemical_80 Chemical_30,Хвощинская_КФ,ь7ЗЩё0о2
Шадыкина Кристина Яковлевна#Габапентин#1115-03-22#Chemical_18 Chemical_15 Chemical_92,Шадыкина_КЯ,Адбп7Сбн
Полхова Лариса Богдановна#Диклофенак#1391-04-27#Chemical_99 Chemical_70 Chemical_85,Полхова_ЛБ,ёЮр7сОкт
Капланская Кристина Дмитриевна#Золекс#1616-09-13#Chemical_79 Chemical_52 Chemical_79,Капланская_КД,2В6МАшТф
Чушева Лиза Кирилловна#Кетопрофен#1839-02-24#Chemical_6 Chemical_55 Chemical_56,Чушева_ЛК,0Ьёёбз7в
Ахмярова Вероника Михайловна#Виагра#1363-05-21#Chemical_26 Chemical_28 Chemical_42,Ахмярова_ВМ,Инльрт8л
Ксынкин Кирилл Олегович#Евалар солгар мультивитамини#1915-03-18#Chemical_16 Chemical_27 Chemical_70,Ксынкин_КО,ЩВ9ьъщРЬ
Лантюгов Анатолий Адамович#Левофлоксацин#1760-06-01#Chemical_21 Chemical_72 Chemical_4,Лантюгов_АА,Ч6ысЦД7У
Бложкина Анна Ивановна#Норматен#1557-07-05#Chemical_51 Chemical_67 Chemical_53,Бложкина_АИ,уЛш4ЕЕАщ
Гейдаров Артур Викторович#Бензоилпероксид#1251-01-09#Chemical_71 Chemical_94 Chemical_67,Гейдаров_АВ,ЖйХрйэ8Е
Челинцев Александр Максимович#Алпразолам#1971-11-07#Chemical_52 Chemical_53 Chemical_81,Челинцев_АМ,щ9оФё8ХК
Горшенин Анатолий Фёдорович#Нимесулид#1976-01-19#Chemical_7 Chemical_38 Chemical_13,Горшенин_АФ,Г36ёШйЬ2
Гомбожапов Андрей Юриевич#Пентоксифиллин#1060-03-13#Chemical_82 Chemical_78 Chemical_67,Гомбожапов_АЮ,КёУёЯс59
Беларова Вероника Михайловна#Бензоилпероксид#0979-04-08#Chemical_86 Chemical_62 Chemical_41,Беларова_ВМ,вгЭТЁ0Пх
Шестимиров Михаил Фёдорович#Железа препараты#1887-03-13#Chemical_87 Chemical_67 Chemical_20,Шестимиров_МФ,зП072ЮШ5
Масульская Инна Максимовна#Оланзапин#1286-04-02#Chemical_18 Chemical_9 Chemical_77,Масульская_ИМ,бДг61Ёйц
Сергушова Ева Викторовна#Железа препараты#1858-03-15#Chemical_30 Chemical_69 Chemical_24,Сергушова_ЕВ,МепГл3ъУ
Свецкая Наталья Ивановна#Диклофенак#1296-10-17#Chemical_63 Chemical_31 Chemical_40,Свецкая_НИ,юХАЗГ7жВ
Пудинова Мария Андреевна#Сетирозин#0961-06-17#Chemical_26 Chemical_95 Chemical_60,Пудинова_МА,йПГиКь0и
Тихнова Ольга Богдановна#Глюкозамин#1124-07-15#Chemical_86 Chemical_62 Chemical_81,Тихнова_ОБ,ь1ШШйФуУ
Кофтерова Алёна Никитична#Левотироксин#1268-01-22#Chemical_99 Chemical_59 Chemical_84,Кофтерова_АН,Н4жДЭтёН
Модоров Яков Фёдорович#Агонал#1157-01-26#Chemical_43 Chemical_32 Chemical_25,Модоров_ЯФ,ыгЕцт2ёФ
